6.715936581640625e-06,49,96,0.0011984435722,1.97183521875e-05,0,100,0.0004931410499999999,1.0841355609375e-05,0,109,0.0004162660839999999,1.93754411796875e-05,0,111,0.00041458765599999966,2.9327720632812498e-06,51,111,0.00048206302309999996,2.1824990964843752e-05,0,99,0.0005334249259999999
6.8575593578125e-06,44,86,0.0011729305029999988,2.10591792578125e-05,0,104,0.00042532990000000015,1.07312047421875e-05,0,115,0.00042180519099999976,1.931249753515625e-05,0,109,0.00043254753200000013,2.692144450390625e-06,46,117,0.00043405814149999995,2.182630265625e-05,0,95,0.0005505454199999996
6.51333721328125e-06,58,83,0.0011457388831999987,1.96154132421875e-05,0,100,0.00046829934000000003,1.0741039875000001e-05,0,104,0.00047669186599999996,1.9423304707031247e-05,0,100,0.00043540101999999995,2.8573710878906244e-06,48,125,0.0004520180079999998,2.04238431640625e-05,0,90,0.0005314107499999998
7.229319328515626e-06,43,83,0.0011046158504999992,1.96488517578125e-05,0,114,0.0005141221199999998,1.070563421875e-05,0,114,0.000480720345,1.9362327929687503e-05,0,101,0.0004092164099999999,2.642314228125e-06,41,110,0.00040820935699999986,2.0481541054687502e-05,0,95,0.0004884412899999996
7.25947950390625e-06,45,93,0.0011259326353999977,2.1082126914062504e-05,0,96,0.0005109330499999996,1.0811195703125e-05,0,121,0.0005183184599999999,1.9479691093749997e-05,0,100,0.00044077219999999966,2.7793473921875e-06,55,123,0.0004595712141999997,2.1794830781250002e-05,0,85,0.00047803463
6.538908023828125e-06,42,92,0.0010900129549999997,2.11162212890625e-05,0,97,0.0004620887999999998,1.0822341757812499e-05,0,111,0.00048508427899999964,1.9497394140625e-05,0,95,0.00041005566999999997,3.0671826097656246e-06,48,115,0.0004572213257999998,2.179548631640625e-05,0,89,0.0004894482559999999
6.966399037500001e-06,42,89,0.0011410390935999986,2.09719759765625e-05,0,102,0.00044043642000000005,1.071743622265625e-05,0,109,0.00048743417500000014,1.944428539453125e-05,0,98,0.0004239873020000002,2.8213097105468744e-06,44,115,0.00045554284880000004,2.182236815234375e-05,0,91,0.00046762798600000004
6.585460156640625e-06,44,87,0.0010359655059999995,2.10008254296875e-05,0,101,0.00047568476000000003,1.0529261160937501e-05,0,107,0.0004385900445999997,1.9351837617187502e-05,0,95,0.0004249942899999998,2.7354181257812495e-06,30,117,0.00041324484279999977,2.194235453125e-05,0,99,0.00043103689999999997
6.652337478515626e-06,32,94,0.0009856107001999996,1.9612790546875e-05,0,92,0.00045319294999999967,1.0383048628906251e-05,0,99,0.000368261217,1.923775232421875e-05,0,98,0.0004451362500000001,2.79246060859375e-06,34,117,0.0004166018147999999,2.197448186328125e-05,0,102,0.0004968338359999998
6.2353369871093755e-06,39,96,0.0009006790315999997,2.10355751953125e-05,0,94,0.00042130159999999973,1.003620419921875e-05,0,105,0.0004667887119999999,1.942789384375e-05,0,91,0.000447989632,2.846880486328125e-06,38,110,0.00042902266679999986,2.185580725390625e-05,0,94,0.000469642146
5.99274228359375e-06,40,94,0.0009483481887999994,2.0985089179687503e-05,0,95,0.0004834057700000001,1.0773822860156251e-05,0,111,0.0004988479645999997,1.9286927097656252e-05,0,106,0.0004310367759999998,2.867861623046875e-06,48,113,0.0004820630064999998,2.1861052695312502e-05,0,107,0.0004837414300000001
7.48174858359375e-06,37,99,0.0012400701743999988,2.10014809375e-05,0,94,0.0004936445900000001,1.0811851332812501e-05,0,109,0.0005636377576,1.941084640234375e-05,0,100,0.0005121080520000002,2.96621075e-06,39,98,0.0004317082355999997,2.18721987109375e-05,0,99,0.0005099258999999998
6.176983200781249e-06,38,99,0.0009993743813999992,2.0971320625e-05,0,98,0.0004746776400000001,1.0853157701953126e-05,0,103,0.00043926140859999974,1.9534766703125e-05,0,99,0.000421301598,2.8186870535156247e-06,40,112,0.00043607232639999993,2.18426937890625e-05,0,106,0.00045772495999999986
6.39335142265625e-06,46,100,0.001058457335799999,2.0954928828124998e-05,0,98,0.00046292826999999977,1.0655803973437499e-05,2,105,0.0005324178153999996,1.9450186515625e-05,0,100,0.00043053339799999996,2.844257829296875e-06,44,117,0.0004317082461999998,2.1931864078125e-05,0,105,0.0005053940520000004
5.8399734421875e-06,53,86,0.0009644617589999995,2.1013282695312502e-05,0,111,0.00042868692999999976,1.073186066796875e-05,0,104,0.00047132064799999975,1.949346033984375e-05,0,99,0.00046930646600000015,2.8088521539062497e-06,54,110,0.0003808499247999998,2.18958021484375e-05,0,102,0.00046460663999999994
6.482521387500001e-06,47,83,0.001084977522199999,2.0921489804687503e-05,0,103,0.0005065690299999998,1.0805294671484376e-05,2,102,0.0005557488099999996,1.94567429140625e-05,0,115,0.00046527809800000016,2.7124699429687498e-06,44,112,0.00041710537879999986,2.0529404699218747e-05,0,87,0.0004978407939999996
5.995365084375e-06,44,95,0.0009792324689999994,2.0990990144531253e-05,0,96,0.00047669176599999993,1.0691209437890624e-05,2,126,0.0004800487849999999,1.94252714453125e-05,0,110,0.00038588539,2.7977058933593753e-06,36,102,0.0003909208905999999,2.1936453046875e-05,0,100,0.00047132071000000004
6.80182813203125e-06,46,88,0.0011351644041999993,2.0874938425781253e-05,0,108,0.0005478599460000001,1.0818407701953126e-05,2,108,0.00047534912739999997,1.9505917937500002e-05,0,98,0.0004293583280000001,2.4764319792968747e-06,46,121,0.0003863889641999998,2.174762284765625e-05,0,95,0.0004592355419999998
6.642502513281249e-06,36,90,0.0011098191579999989,2.0975254363281253e-05,0,93,0.0005184862359999998,1.0737105734375e-05,0,112,0.0004971695539999997,1.94554318828125e-05,0,107,0.00042902270600000015,2.66263973203125e-06,46,115,0.0004031738752000001,2.19554675390625e-05,0,97,0.0004743419699999998
6.42154489140625e-06,40,87,0.0009975280402999996,2.093001359375e-05,0,96,0.0004783703499999997,1.0709567984375e-05,0,109,0.0004901197709999999,1.92364410859375e-05,0,103,0.0004437935159999997,2.67837555859375e-06,49,115,0.0004172732141000001,2.187678828125e-05,0,96,0.0004829021699999997
6.686431832812501e-06,47,83,0.0010685282737999996,2.09759096875e-05,0,90,0.00045671770999999986,1.0773167203125001e-05,0,116,0.0005028763269999996,1.94606774609375e-05,0,104,0.00040350961,2.7859039906250004e-06,51,111,0.0004162661162000002,2.192661859375e-05,0,92,0.0004582283400000001
7.114578730859375e-06,38,91,0.0011195544787999988,2.10283626953125e-05,0,114,0.0004887770000000002,1.0674818078124999e-05,0,96,0.0004446325719999999,1.9600988140624997e-05,0,97,0.00046091401200000026,2.6816539070312503e-06,35,106,0.0004149233297999999,2.1929896835937497e-05,0,96,0.0005084153099999996
5.91734135078125e-06,64,96,0.0011618524195999996,2.09824666796875e-05,0,112,0.0005013656899999998,1.0697766125e-05,0,111,0.0005280536859999998,1.940560142578125e-05,0,107,0.00042365138000000026,2.69345577890625e-06,40,105,0.00038403906659999936,2.1916127890625002e-05,0,101,0.0005048905499999997
6.4182665152343755e-06,38,89,0.0009792324946999995,2.09470610546875e-05,0,97,0.00045453567000000025,1.06938321796875e-05,0,110,0.00047031350899999963,1.946788942578125e-05,0,120,0.0004458073859999999,2.8003285605468745e-06,48,108,0.0004421149014000002,2.176335881640625e-05,0,103,0.0004672921739999999
6.6188987718750004e-06,49,82,0.0011333180889999991,2.100803733203125e-05,0,106,0.0005309072159999998,1.068793113359375e-05,2,115,0.0005941862579999995,1.938724316015625e-05,0,101,0.000447150292,2.8416352140624997e-06,43,102,0.0004072022621999999,2.1765982078125002e-05,0,101,0.0005710230639999997
5.9186527171875e-06,44,107,0.0010107881069999994,2.10342636328125e-05,0,93,0.0004578926899999995,1.08177521078125e-05,2,102,0.0006267490685999998,1.9471167687499998e-05,0,99,0.00049834432,2.8318003015625e-06,42,107,0.0004323796489999998,2.03995837890625e-05,0,89,0.00049179828
7.189323993750001e-06,41,90,0.0012011291949999992,2.1015249218749998e-05,0,96,0.00052738221,1.0801360692578124e-05,0,108,0.0006656901961999996,1.956886119921875e-05,0,100,0.0005028762959999999,2.83835688359375e-06,55,113,0.0004944838701999997,2.20000524609375e-05,0,104,0.0005238573899999997
6.5795589839843756e-06,52,94,0.0010631570894,2.1103763515625003e-05,0,95,0.0005236896,1.073972856484375e-05,0,111,0.0005785763331999996,1.9490837324218748e-05,0,100,0.0004542000499999998,2.84884747578125e-06,44,112,0.0004224765501999996,2.19744818359375e-05,0,94,0.0005032120000000001
7.6050131175781255e-06,50,90,0.0012843823907999997,2.0939848863281252e-05,0,105,0.0005233538419999998,1.0783002425390626e-05,2,114,0.0005690090255999996,1.9534111105468748e-05,0,122,0.0005134509079999999,2.909168285546875e-06,44,112,0.0004236514861999995,2.1897769687499998e-05,0,93,0.0005831081899999995
7.092941743750001e-06,40,87,0.0010796062969999985,2.0961485468750003e-05,0,104,0.0005439993099999998,1.0688586912109374e-05,4,100,0.0005911649973999992,1.939970091015625e-05,0,98,0.0004985121340000003,2.7616445343749996e-06,38,118,0.0004296940659999998,2.2031524328125e-05,0,89,0.000523353934
8.642924712890627e-06,48,87,0.0014780804449999981,2.1025740468750002e-05,0,92,0.0005087510299999995,1.06820304765625e-05,2,116,0.0006045930319999995,1.9394455503906252e-05,0,107,0.0005149614019999999,2.8973663539062497e-06,36,119,0.00044882886899999985,2.040876284765625e-05,0,85,0.0005941862800000001
7.1637532472656256e-06,42,82,0.0011450675275999987,2.096083e-05,0,96,0.0005228504299999999,1.0505657453125e-05,0,112,0.0005116044859999998,1.93085638359375e-05,0,109,0.00045520717599999995,2.756399234375e-06,32,108,0.0004008239909999996,1.8175581367187503e-05,0,87,0.0005206683099999997
8.389839394140624e-06,53,85,0.0015015793607999987,2.10650796875e-05,0,99,0.00058210107,1.081185137890625e-05,0,98,0.0005841154059999994,1.944428546875e-05,0,101,0.00047669189599999973,2.882286197265625e-06,50,117,0.0004313725471999998,2.2097746296875e-05,2,94,0.0005928434559999996
8.869127572656251e-06,54,90,0.0016229343272999995,2.1016560519531248e-05,0,108,0.000549202646,1.079480398125e-05,2,108,0.0006146639819999996,1.9358393867187498e-05,0,94,0.0004523537,2.858026718359375e-06,38,95,0.00042096590959999974,2.04684280546875e-05,0,81,0.0006195315899999996
1.072137026796875e-05,40,89,0.0019262379371999992,2.095492876171875e-05,0,102,0.0005508812139999998,1.0511558394531251e-05,0,102,0.0005502098449999995,1.936560625e-05,0,100,0.00046057833000000004,2.82065402578125e-06,48,110,0.0004750133661999996,2.192399581640625e-05,0,90,0.0007459219979999999
8.32558451640625e-06,50,94,0.001572411682999999,2.099361287109375e-05,0,105,0.00052637519,1.083676663203125e-05,4,98,0.0006556191569999999,1.9374785929687498e-05,0,91,0.0004859235299999999,2.829177646875e-06,35,108,0.00042432289240000007,2.171221742578125e-05,0,94,0.0006076142059999997
8.10593814609375e-06,44,90,0.0013835813037999978,2.091886726953125e-05,0,95,0.0005681696779999999,1.0632855764843751e-05,4,116,0.000632455927,1.935642707421875e-05,0,99,0.0005179827559999996,3.00096083046875e-06,40,99,0.0004397650177999994,2.186826503125e-05,0,97,0.0005062332940000002
8.322306219140625e-06,52,92,0.0015566338496,2.106442390625e-05,0,109,0.0004776989799999996,1.0642690405859375e-05,0,114,0.0005733730415999996,1.93780640234375e-05,0,113,0.0004498359799999996,2.81081910625e-06,42,116,0.00043439383959999975,2.1817779257812498e-05,0,102,0.0005659875299999997
7.0562247234375004e-06,41,93,0.0012390630860999996,2.09844333984375e-05,0,103,0.00053762112,1.0685308445312501e-05,0,102,0.0006237277759999997,1.94449414921875e-05,0,115,0.0005387961059999999,2.846880476171875e-06,35,107,0.00043271534659999986,2.1965302578125e-05,0,100,0.0005903256499999998
7.0083616e-06,44,84,0.0012296635507999985,2.102180609375e-05,0,101,0.0005142900099999996,1.0802671953515626e-05,0,95,0.0006653543717999998,1.9511818687499998e-05,0,90,0.0005184862899999998,2.7957389140624997e-06,38,112,0.0004115663350999996,2.18787553515625e-05,0,93,0.0005210039599999998
7.342093002734376e-06,45,97,0.0012143892590999986,2.09791884765625e-05,0,103,0.0004948194800000001,1.059679429453125e-05,6,108,0.0005962003602000002,1.929872905859375e-05,0,105,0.00048340579399999944,2.9517862652343748e-06,40,111,0.00041257343179999974,2.19974299609375e-05,0,94,0.0005354390499999993
7.325045727343751e-06,43,94,0.001255512312599998,2.0988367499999998e-05,0,100,0.0005451743500000002,1.0682029949218751e-05,2,98,0.0005898220999999996,1.940429010546875e-05,0,103,0.0004847486260000001,2.92883811328125e-06,34,115,0.00044681467820000003,2.1931208281250002e-05,0,101,0.0005377888899999997
7.3375035250000005e-06,42,99,0.0012847180846999988,2.08487117578125e-05,0,105,0.0005730373299999997,1.066236023046875e-05,0,90,0.0005861295379999998,1.9393799523437502e-05,0,99,0.0004672922400000002,4.107716670703124e-06,37,106,0.0006141603625999999,2.1804665484375e-05,0,95,0.0005710230699999999
6.346143820703126e-06,38,99,0.0009965209219999992,2.1051966484375e-05,0,104,0.00045822844999999997,1.07475963671875e-05,0,108,0.0005250325439999996,1.946526669921875e-05,0,104,0.00043556873799999976,2.9891589253906254e-06,34,99,0.00039746700499999985,2.1909571484375e-05,0,100,0.00046829944400000043
7.619437580078126e-06,44,92,0.0012625619819999977,2.0901164640625e-05,0,93,0.0005428244219999997,1.0694487774218751e-05,0,110,0.0005612878175999995,1.9398389375000002e-05,0,104,0.00042465857999999965,3.4894283171874998e-06,32,104,0.0005048905105999999,2.022452233984375e-05,0,86,0.000550713354
6.883130173828126e-06,51,87,0.0012041504291999989,2.0918211953125e-05,0,115,0.00045755698000000006,1.0698421816406252e-05,0,111,0.0005246967100000002,1.9429205097656252e-05,0,117,0.00043674367200000015,2.7872153265625e-06,54,109,0.00044161135180000006,2.179745330078125e-05,0,91,0.0005169755899999998
7.4679798203125005e-06,46,100,0.0012100251485999993,2.103557481640625e-05,0,92,0.000521004058,1.076070959765625e-05,0,101,0.0005656519459999997,1.944297441015625e-05,0,103,0.0004525214519999996,3.109800576171875e-06,40,118,0.00044631113719999997,2.1888590515625e-05,0,88,0.0005136186859999999
8.017423758984376e-06,44,84,0.0012628976847999993,2.1056556328125e-05,0,109,0.0005340962999999998,9.894581078906248e-06,0,88,0.0005592736195999997,1.94088799140625e-05,0,90,0.0004365759639999998,2.87638522890625e-06,37,111,0.0004122377432,2.18918686015625e-05,0,94,0.000512947146
8.598339601171875e-06,45,93,0.0013667964263999982,2.09942686328125e-05,0,103,0.0005100937599999999,9.885401829296875e-06,2,107,0.0005552453426999998,1.9487559203125e-05,0,94,0.0004414435219999999,2.75967755234375e-06,36,116,0.00041928740639999977,2.17948306640625e-05,0,109,0.0005915007019999998
7.72106506484375e-06,38,80,0.0012529945627999992,2.09109995703125e-05,0,100,0.0005451744299999996,1.0887252176953125e-05,2,102,0.0006596475039999994,1.95708281640625e-05,0,102,0.0004956587999999999,2.76295583671875e-06,42,116,0.0004088807427999997,2.182761380078125e-05,0,101,0.0004931409560000001
6.27533236171875e-06,54,86,0.0010168307039999996,2.08814947265625e-05,0,114,0.0004726635299999996,1.0744318229296875e-05,2,119,0.0005653163033999998,1.9478379839843747e-05,0,114,0.0004921339620000002,2.74525300078125e-06,38,116,0.0004008239914000001,2.18105666015625e-05,0,96,0.00045319301999999977
7.079828598046875e-06,42,88,0.001186358416599999,2.102967421875e-05,0,99,0.00048172731999999985,1.071087935546875e-05,0,110,0.0005562524109999998,1.941478094140625e-05,0,110,0.0004399328679999999,2.77475775625e-06,38,117,0.0003957885190000001,2.180925515625e-05,0,100,0.0004963302099999999
7.1191682160156255e-06,44,93,0.0012753185145999986,2.1011971210937498e-05,0,100,0.00048743414999999997,1.0888563403125e-05,0,114,0.0005411459465999997,1.958394154296875e-05,0,90,0.00048340584399999995,2.82786629765625e-06,34,119,0.00040988784619999956,2.193710889453125e-05,0,109,0.0005386282259999997
6.2858228625e-06,47,98,0.0010985732301999995,2.0765442421875e-05,0,99,0.0005176470299999999,1.068989824609375e-05,0,112,0.0005424886829999998,1.939314402734375e-05,0,104,0.00046964223200000014,3.039644871484375e-06,31,122,0.0004187838674000002,2.1945632617187497e-05,0,103,0.0005035477999999999
6.8759176996093754e-06,46,96,0.0011302967296,2.09621408203125e-05,0,105,0.0005184863099999998,1.07154691640625e-05,0,116,0.0005975432959999993,1.93124980234375e-05,0,102,0.0004724955819999999,2.793771933984375e-06,37,114,0.00040955215189999945,2.19338309765625e-05,0,104,0.00047870596999999965
7.450932700390626e-06,52,81,0.0012669260835999994,2.1005414765625e-05,0,105,0.0004975051599999994,1.0716124541406251e-05,2,105,0.0005740443899999998,1.92475875078125e-05,0,92,0.0004914625279999998,2.7563992667968747e-06,45,115,0.0003880674459999999,2.1786963046875e-05,0,99,0.00052436099
7.340781741406251e-06,47,99,0.001273304414699999,2.1043442890625e-05,0,94,0.00044563976000000017,1.0574501869921876e-05,0,114,0.0005515525435999998,1.9446252703125e-05,0,107,0.00043187621600000026,2.7150926082031248e-06,48,107,0.0004555428351999997,2.1947599671875e-05,0,104,0.0005330892579999998
7.05097938828125e-06,52,91,0.001184008540199999,2.1008037382812503e-05,0,107,0.0004763561399999999,1.0756119828125e-05,0,110,0.0005562523389999995,1.9561648867187497e-05,0,109,0.00042885489999999987,2.87704088984375e-06,40,118,0.0004508430549999997,2.189121278125e-05,0,103,0.0005757230059999999
7.14867289296875e-06,54,90,0.0012434271751999982,2.09155891015625e-05,0,106,0.0005265429500000002,1.0568600746093751e-05,0,115,0.00048239867100000007,1.9303973984375e-05,0,96,0.00037296102000000013,2.7747577640625e-06,46,113,0.00040854505580000005,2.13575046875e-05,0,96,0.0005282215500000001
8.927481379296875e-06,43,92,0.0014231936703999989,2.0884117550781248e-05,0,116,0.0005790798039999996,1.07102237e-05,0,100,0.00046326391259999964,1.9486248285156252e-05,0,99,0.00042298001799999965,2.75115393125e-06,52,121,0.00047064927939999973,2.0291399769531253e-05,0,83,0.0006280917579999997
8.758321013671875e-06,55,87,0.0015677119227999986,2.0815928378906252e-05,0,112,0.00060526439,1.065318124609375e-05,0,102,0.0004906233239999997,1.94016676953125e-05,0,108,0.0004676278499999999,2.7832813531249997e-06,44,117,0.0004407721089999998,2.184597238671875e-05,0,89,0.0006129854379999995
8.059386185937499e-06,42,84,0.001374349579399999,2.1034263503906248e-05,0,101,0.000518318456,1.0710223683593751e-05,0,105,0.00046494242799999984,1.94849366796875e-05,0,107,0.0004189516800000002,2.9104796171874996e-06,40,111,0.00043204395359999986,2.1935141992187498e-05,0,103,0.0005199968699999993
8.401641314453126e-06,47,90,0.0014287327281999975,2.1022461671875e-05,0,95,0.0005465170540000004,1.0610563249999999e-05,0,106,0.0005246968059999999,1.941543660546875e-05,0,117,0.0004374150279999997,3.1484845890624995e-06,35,102,0.0004384222167999997,2.20039862109375e-05,0,97,0.0005439994999999997
7.188012673828126e-06,56,96,0.001276493481199999,2.10388534765625e-05,0,105,0.00050925467,9.826392764453126e-06,0,118,0.00043607236299999976,1.9305940859375e-05,0,108,0.00043808655000000005,2.852781428515625e-06,42,110,0.00041089492839999986,2.182761383203125e-05,0,99,0.0005280536479999999
7.982673815234375e-06,52,97,0.001470023662899999,2.077134375e-05,0,100,0.0005272144399999995,1.073120493359375e-05,0,114,0.00039847409100000013,1.952755453515625e-05,0,110,0.00042969415199999966,2.9314607738281248e-06,30,110,0.00040955214819999973,2.178827398046875e-05,0,93,0.0005539024719999998
7.570918564062501e-06,42,88,0.001260547783999999,2.0869037324218748e-05,0,107,0.0004886091399999999,1.0636133906250001e-05,2,104,0.0005058975999999997,1.9495427316406247e-05,0,101,0.0004310367880000002,2.774757771484375e-06,27,112,0.0004045166694000001,2.19443216796875e-05,0,108,0.0005790798599999997
7.229319183984376e-06,52,88,0.001242084355399999,2.105327787890625e-05,0,106,0.0005210039679999997,1.063482232421875e-05,0,125,0.00037967489199999983,1.9388554531249998e-05,0,116,0.00042046234999999977,2.8540927484375e-06,46,116,0.0004058594735999999,2.182826966796875e-05,0,109,0.0005233538199999999
8.933382350390626e-06,56,76,0.0015348134099999998,2.09627968359375e-05,0,112,0.0005340962899999998,1.0552865078124999e-05,0,120,0.0005179827649999998,1.9414125160156247e-05,0,113,0.0004562142779999998,2.9373617296875e-06,37,105,0.0004555428440999998,2.188596758203125e-05,0,101,0.000627588318
8.760287853125e-06,45,92,0.0014978865729999992,2.085920234375e-05,0,114,0.0005017012399999999,1.052926154765625e-05,2,125,0.0005884795129999994,1.95347670703125e-05,0,102,0.00045856398,2.796394590234375e-06,34,119,0.00041190204119999986,2.180859950390625e-05,0,99,0.0005821011739999996
6.8418234539062504e-06,41,87,0.0011375142851999989,2.0905098281250004e-05,0,103,0.00047534898999999995,1.0526638625e-05,0,114,0.0004928054460000001,1.9350526371093752e-05,0,99,0.00044916455799999967,2.9045786511718747e-06,44,115,0.00043875791119999964,2.184466077734375e-05,0,84,0.0005018692619999998
8.194452525e-06,41,88,0.0014173189977999985,2.09037873046875e-05,0,108,0.00047971302999999976,1.0539096203125e-05,0,105,0.0005616235039999997,1.9450186210937503e-05,0,107,0.0004411078399999999,2.7695124558593745e-06,42,101,0.00039176012500000005,2.174237761328125e-05,0,110,0.0005310749619999997
8.073155184375e-06,42,90,0.0013298695361999991,2.08310087109375e-05,0,101,0.0005409780899999999,1.0646624494921876e-05,2,107,0.0005277179999999999,1.9419370601562498e-05,0,100,0.0004646066699999998,2.76951245234375e-06,38,115,0.00043540093120000004,2.17207405859375e-05,0,100,0.0005408101600000001
8.235759001171875e-06,45,91,0.0013857633183999975,2.0954273125e-05,0,111,0.0005377889399999999,1.0703667039843749e-05,2,109,0.0006133211503999995,1.9500016703125e-05,0,94,0.00048424497800000026,2.7380407421875e-06,42,116,0.00040871290919999994,2.1830892109375002e-05,0,90,0.00056548404
7.944645487109374e-06,46,90,0.0013568932635999989,2.09444381640625e-05,0,113,0.0005131151999999996,1.072399243359375e-05,0,99,0.000532585583,1.9364295167968748e-05,0,102,0.00046997788599999977,2.8042625128906246e-06,36,115,0.0003766536956000001,2.16964816875e-05,0,92,0.0005864651660000002
8.00496619375e-06,42,84,0.0012759898603999988,2.089329671875e-05,0,91,0.0005069046999999998,1.06531810515625e-05,0,100,0.0005584343705999998,1.95131300390625e-05,0,87,0.00045990691000000016,2.86458333359375e-06,45,122,0.0004412756511000002,2.1907604265625e-05,0,91,0.0005695124159999998
8.60161798984375e-06,38,80,0.0013088883993999999,2.0976565273437498e-05,0,96,0.0005535668000000001,1.0727270763671876e-05,3,101,0.0006942244248999995,1.945149795e-05,0,80,0.0005559167556000002,2.833111573828125e-06,34,114,0.00042868695899999975,2.194563245e-05,0,84,0.0005257038416000004
7.334225149609375e-06,47,101,0.0011736019059999984,2.085592359375e-05,0,107,0.00052016479,1.0516147957421873e-05,4,92,0.0006448767453999999,1.947313449609375e-05,0,96,0.00046762809600000015,2.5826490625e-06,40,111,0.00042801556439999995,2.2035458132812504e-05,0,104,0.0005028762660000001
6.919191474609375e-06,46,101,0.0011987792267999983,2.1053277968750004e-05,0,105,0.0004998550399999998,1.0878072968359375e-05,2,101,0.0006505836569999997,1.977801705859375e-05,2,102,0.0005819334199999997,2.9183475539062504e-06,46,118,0.000458564136,2.20236565234375e-05,0,98,0.00051395429
8.135442845703124e-06,42,91,0.001362935825199999,2.09634522265625e-05,0,107,0.0005760585900000001,1.0714813269140624e-05,2,94,0.000679453752999999,1.948231414453125e-05,0,86,0.0005189898299999999,2.71378122890625e-06,54,109,0.0004867627896,2.200136390625e-05,0,110,0.0005643090900000003
7.98660786015625e-06,54,94,0.0013820706505999997,2.1034919441406253e-05,0,99,0.0005716945059999998,1.0840700086718751e-05,2,110,0.0006440375869999998,1.956623853203125e-05,2,95,0.0006166780860000003,2.89212110703125e-06,48,115,0.00047904172939999985,2.19875953515625e-05,0,112,0.0005817655099999994
8.145277766015625e-06,43,92,0.001346150937399998,2.0824452292968753e-05,0,105,0.00046225677599999975,1.08636480703125e-05,0,109,0.0005411458489999996,1.94377293203125e-05,0,109,0.0004877699779999999,2.7767247492187496e-06,44,105,0.0004055237625999997,2.2017755390625e-05,0,105,0.0004872662799999998
7.431918434765625e-06,55,88,0.0012454413375999982,2.07326595703125e-05,0,109,0.0005354389699999998,1.0830209643359375e-05,4,110,0.0005584344019999997,1.9524276402343746e-05,0,106,0.00048810549199999995,2.846224803125e-06,42,114,0.0004271763122000001,2.2028245859375e-05,0,98,0.0005288928799999999
7.547970523046875e-06,47,88,0.0012038147305999984,2.09562401171875e-05,0,111,0.0005062333300000001,1.069120963671875e-05,0,108,0.0005401388809999995,1.938921005859375e-05,0,85,0.00044563966800000005,2.8377012375e-06,42,110,0.0003989776443999996,2.05779237578125e-05,0,88,0.0005730373359999995
8.158391088281252e-06,45,87,0.001369314135199998,2.09208344140625e-05,0,102,0.0005468528199999998,1.082103019140625e-05,0,109,0.0006012359239999998,1.9530832890625e-05,0,94,0.00045621416000000004,2.8154087578125e-06,36,100,0.0004129091427999998,2.212069416796875e-05,0,101,0.0005649805559999994
7.965626574218751e-06,40,103,0.0012931105211999993,2.099885765625e-05,0,111,0.00048877688,1.09075775546875e-05,0,106,0.0005327533919999996,1.9604267085937504e-05,0,107,0.0004904554819999999,2.7806587093749996e-06,36,114,0.0004048523767999997,2.1952844925781253e-05,0,93,0.0005451743540000002
1.074104010625e-05,51,80,0.0017998474185999987,2.10440987890625e-05,0,103,0.0006044251599999999,1.06485915078125e-05,0,104,0.0005775692099999998,1.9258078046874997e-05,0,105,0.0004743420199999998,2.894088087109375e-06,41,117,0.0004414434996,2.197120347265625e-05,0,95,0.0006569619379999997
9.31956692265625e-06,33,83,0.0014874800283999994,2.101852796875e-05,0,103,0.0005518882299999999,1.0809884362109376e-05,2,112,0.0006292668793999998,1.928364855859375e-05,0,109,0.00044966805800000017,2.8796635292968748e-06,36,111,0.00042398718779999964,2.19646468984375e-05,0,88,0.0005740443379999995
9.056646698046875e-06,40,71,0.0014668345075999991,2.0962796875e-05,0,122,0.0005817654799999997,1.0681374730859375e-05,0,97,0.0006082855797999994,1.936101646484375e-05,0,102,0.0005391317199999996,3.0914420726562497e-06,46,118,0.0004783703300999999,2.1995462796875e-05,0,102,0.000609292752
7.3997911109375e-06,49,89,0.0012531624485999987,2.11155656640625e-05,0,117,0.0004990159399999996,1.0769888715625002e-05,0,106,0.0005777371065999995,1.9505262109375e-05,0,95,0.00044379337999999994,2.86917296171875e-06,36,118,0.0004196231114000001,2.2024967578125e-05,0,92,0.0004817273599999996
7.810890718359375e-06,47,81,0.0013387655476999993,2.0987712265625e-05,0,101,0.0004822309199999999,1.0710223691015625e-05,0,102,0.0005267109135999997,1.948952623046875e-05,0,95,0.0004585642140000002,2.757710549609375e-06,40,106,0.0004080414993999998,2.189908066015625e-05,0,103,0.0005505455459999997
8.039716328125e-06,44,92,0.0013656214129999986,2.09857450703125e-05,0,113,0.0005602808539999999,1.05063130625e-05,0,113,0.000503883462,1.9323643992187503e-05,0,114,0.0004233157759999999,2.8540927144531253e-06,44,115,0.0004375829650000001,2.18905572890625e-05,0,100,0.0005804226579999997
7.347338326953126e-06,40,104,0.001251148240799999,1.95288655859375e-05,0,94,0.0005163044199999998,1.0768577671875e-05,0,104,0.0005785763409999997,1.945280924609375e-05,0,107,0.0003924315360000001,2.881630478515625e-06,46,108,0.00044647897119999964,2.0503833828125002e-05,0,102,0.0004941481099999996
7.351272168359375e-06,45,88,0.0011918974539999985,2.0935259062500004e-05,0,93,0.0005233539299999998,1.0792181437500001e-05,0,113,0.000581429841,1.9352492957031254e-05,0,103,0.0004582284359999996,2.680342583203125e-06,34,114,0.0003915922836,2.05149800390625e-05,0,96,0.0005542381299999997
7.73680089296875e-06,43,83,0.0012185854939999984,2.1027051796875004e-05,0,102,0.00047132062999999977,1.0592860244531251e-05,2,112,0.0005210040475999997,1.9346592109375e-05,0,99,0.0004342259799999996,3.0075174464843753e-06,42,118,0.0004293583634000001,2.20066091484375e-05,0,103,0.0005072404899999996
7.63582906484375e-06,46,80,0.0011903867793999995,2.092804671875e-05,0,107,0.00050388343,1.081906336484375e-05,0,103,0.0005592736291999994,1.9309219375e-05,0,101,0.00042919047000000005,2.914413548046875e-06,46,117,0.0004337224437999997,2.2036769839843746e-05,0,87,0.0005369496499999999
7.290295648046876e-06,42,89,0.0011722590463999986,2.0872315507812502e-05,0,109,0.0004834059099999995,1.070301142265625e-05,2,113,0.00051194014,1.928823826953125e-05,0,115,0.000411566366,3.8992165171875004e-06,47,100,0.0006734111458999992,2.2022344921875e-05,0,93,0.0005283894199999997
7.738112415234374e-06,41,80,0.001344472465099999,2.0970664453125e-05,0,104,0.0005250324399999993,1.076661041015625e-05,0,112,0.0005032119059999994,1.9384620406250004e-05,0,99,0.00043372243599999955,3.0121070796874997e-06,43,108,0.0004693064852,2.2076764699218752e-05,0,94,0.0005868009640000001
7.583376191796876e-06,44,77,0.0012926070163999982,2.0908377109375e-05,0,99,0.0005606164699999997,1.0752186089453127e-05,0,94,0.00047971308119999995,1.9427238464843753e-05,0,96,0.0004528571160000001,2.959654166796875e-06,40,113,0.0004958266428999999,2.2028901171875e-05,0,92,0.0005304035999999999
8.753731433203124e-06,41,93,0.0014354467297999977,2.0909688359375e-05,0,96,0.0005152971799999996,1.071022370390625e-05,0,99,0.0005371176235999994,1.9396422507812498e-05,0,99,0.000408880766,3.0573477070312495e-06,45,118,0.0004511787687999998,2.19259627265625e-05,0,96,0.0005983825119999997
7.77286238203125e-06,43,88,0.0012602121015999992,2.088083933203125e-05,0,104,0.0005488670520000002,1.069645485546875e-05,0,105,0.00046007484399999976,1.93426583203125e-05,0,106,0.00040502033999999996,2.8763852464843747e-06,31,102,0.00039209584639999997,2.1967924734375e-05,0,101,0.0005362782860000001
7.9636599078125e-06,49,82,0.0013672999508,2.081855132421875e-05,0,105,0.0005532311319999996,1.0603350857031252e-05,0,107,0.0005032120191999998,1.932167717578125e-05,0,105,0.000469977916,2.531507481640625e-06,38,104,0.00040854506030000003,2.04487581484375e-05,0,90,0.0005710231759999999
8.246249626171876e-06,48,93,0.0014354466815999988,2.09824663671875e-05,0,108,0.0005465170599999999,1.0478119694921875e-05,2,108,0.00046527814799999986,1.9310530832031248e-05,0,86,0.00046477458400000004,2.77606905859375e-06,39,125,0.0004347295449999998,2.20256230859375e-05,0,89,0.0005915007899999999
8.707834980078125e-06,46,75,0.0014666666371999978,2.09470606640625e-05,0,107,0.0005488670699999999,1.0667605824218751e-05,0,118,0.0004693064639999998,1.9392488671875e-05,0,103,0.0004300298399999998,2.897366376171875e-06,42,112,0.00044849318419999966,2.199874121875e-05,0,86,0.000573037316
8.339353580078125e-06,42,88,0.001294453338599999,2.097263171875e-05,0,104,0.0005253679999999999,1.0952818303125001e-05,2,123,0.0005636378149999995,1.9497394046875e-05,0,100,0.00045050736399999985,2.94129566640625e-06,38,124,0.00041425192110000034,2.200923187890625e-05,0,110,0.0005032120019999998
7.31389964140625e-06,46,87,0.001280857590499999,2.1034919375e-05,0,90,0.0005357748099999999,1.074300674296875e-05,2,114,0.0005968718443999994,1.9349870390625e-05,0,99,0.0004140841799999998,2.884253158984375e-06,44,123,0.0004666208887999996,2.195874596484375e-05,0,95,0.0005011977359999997
6.982135116406251e-06,56,88,0.0012370489313999987,2.08624806640625e-05,0,114,0.0005186540600000001,1.0615152663671875e-05,2,118,0.0005065689989999996,1.94318280078125e-05,0,105,0.0004098877899999999,2.764922844921875e-06,37,111,0.00040283817280000004,2.1994807304687503e-05,0,92,0.00047450983999999997
7.496829053125e-06,34,82,0.0011004196133999995,2.08716597265625e-05,0,116,0.0005136186100000002,1.0749563371875e-05,0,110,0.0005023727885999997,1.9331511906249996e-05,0,105,0.00045520706599999985,2.7655784812499997e-06,36,127,0.0004065308667999998,2.191743948046875e-05,0,108,0.0005171435640000004
8.60817465546875e-06,42,95,0.0014968795159999984,2.101459385546875e-05,0,92,0.0005804227560000003,1.0668261336718748e-05,2,114,0.0004857557850000002,1.941412520703125e-05,0,112,0.000409552166,2.9517862511718753e-06,43,113,0.00045604639569999945,2.050580116015625e-05,0,94,0.0005938506359999999
8.466551677343751e-06,42,81,0.0013332264875999982,1.95629603515625e-05,0,97,0.0005228502899999993,1.05935159921875e-05,0,115,0.0005753872599999998,1.9315776015625e-05,0,100,0.00043405822000000007,2.825899313671875e-06,31,109,0.0003925993698999995,2.197644897265625e-05,0,98,0.0005518883159999998
8.79897192421875e-06,37,97,0.0013528648559999982,2.10237733984375e-05,0,117,0.0005149615000000001,1.0805294446875e-05,0,107,0.0005277179651999995,1.93544599921875e-05,0,108,0.00044882884199999953,2.9491636351562496e-06,40,97,0.0004268406217999997,2.20000523828125e-05,0,101,0.0004971693799999998
8.17674953828125e-06,35,88,0.0013624322799999985,2.111097627734375e-05,0,98,0.0005508811760000001,1.058892636484375e-05,2,93,0.0005307393149999991,1.9376096953125e-05,0,100,0.0004431219500000001,3.00227219296875e-06,39,101,0.0004260013684,2.199808551171875e-05,0,96,0.000494483798
8.496056375390624e-06,55,84,0.0014921797413999995,2.093263640625e-05,0,95,0.0005105974,1.094495048828125e-05,0,106,0.0005367818999999996,1.942068204296875e-05,0,98,0.0004834058479999997,2.8914654570312497e-06,45,108,0.0004145876225999999,2.217380255859375e-05,0,99,0.0005495384699999998
8.20953254453125e-06,56,89,0.0013876096183999991,2.099164569140625e-05,0,98,0.0005619591160000003,1.06846528125e-05,0,106,0.0004970016030000003,1.9149237941406252e-05,0,99,0.0004983443579999997,2.953753260546875e-06,40,114,0.00041240558939999985,2.203873648828125e-05,0,104,0.000526375276
7.016229416015626e-06,48,100,0.0011858548919999985,2.090313143359375e-05,0,113,0.0004894483060000004,1.0797426628515625e-05,4,115,0.00047971308839999966,1.92816820703125e-05,0,107,0.00046376754999999994,2.9334277601562493e-06,32,124,0.00045050736829999966,2.2103646898437502e-05,0,96,0.0004985121979999995
7.256201424609375e-06,46,90,0.0011746089973999998,2.0895919218750002e-05,0,99,0.0005000229600000002,1.07941481015625e-05,0,114,0.0005001907979999998,1.9326922351562502e-05,0,114,0.00045017168599999994,2.7806587503906245e-06,36,115,0.0004182803127999998,2.1988250347656248e-05,0,102,0.0004760203419999999
7.991852994140626e-06,50,99,0.0014723735261999993,1.9545913554687502e-05,0,100,0.0005129472699999999,1.067219537109375e-05,0,93,0.00043338671400000003,1.946329980078125e-05,0,119,0.00047769893200000005,2.849503126171875e-06,40,110,0.0004562142424,2.2106925265625004e-05,0,92,0.0005188219120000001
7.678447023437501e-06,48,84,0.0012756542132,2.1015905312500002e-05,0,105,0.0005542380799999997,1.0789558792968751e-05,0,106,0.00047350273699999987,1.9412814203125002e-05,0,111,0.0004515145299999998,2.8724512675781245e-06,37,107,0.0004072022629999999,2.0531371640625e-05,0,88,0.0005085830999999997
8.130197617578126e-06,45,88,0.0013802243138999993,2.0998202343749996e-05,0,95,0.0005161363899999999,1.0729237722656252e-05,0,118,0.00041962314199999986,1.95308330078125e-05,0,119,0.00040418086999999996,2.730172795703125e-06,46,123,0.00041593041459999996,2.2021033710937502e-05,0,95,0.0005382924600000001
7.9748060203125e-06,43,81,0.0013208056675999987,2.08808392578125e-05,0,100,0.0005493704699999996,1.0758086941406251e-05,0,121,0.0005042190359999999,1.5288705390625e-05,0,83,0.0004061952599999999,2.978668388671875e-06,36,115,0.00042566568370000024,2.183679304296875e-05,0,97,0.00047367050599999997
8.585881959375002e-06,44,93,0.0014795909897999983,2.080412671484375e-05,0,91,0.0006223849620000001,1.0751530375000001e-05,0,105,0.0005109330670000001,1.9235129531250002e-05,0,104,0.0004434577399999997,2.88753148984375e-06,32,103,0.0004397650211999999,2.192989687109375e-05,0,94,0.0005421530560000002
8.338697800390626e-06,53,90,0.0014643167260999983,2.09804994140625e-05,0,85,0.0005077440500000003,1.0706945308593751e-05,0,106,0.0004765240669999995,1.9448219808593752e-05,0,102,0.00045755696199999986,2.7898379656249997e-06,46,124,0.0004511787619999999,2.2073486328125e-05,0,89,0.0005374532900000002
7.759093553515625e-06,42,96,0.001244098590199998,2.0902475976562503e-05,0,78,0.0005001907699999995,1.0626954796875e-05,0,117,0.00048609138599999956,1.93105307421875e-05,0,98,0.00040854503999999996,2.802951224609375e-06,44,109,0.00040854506720000013,2.2138396761718752e-05,0,95,0.0005508811979999999
8.527528219140623e-06,52,79,0.0014609597793999994,2.092280166796875e-05,0,93,0.0005418174359999996,1.0584992447265625e-05,0,94,0.0005438314569999993,1.9449531257812498e-05,0,94,0.0004454718759999997,2.983913621875e-06,45,101,0.00046729227219999964,2.20426701171875e-05,0,93,0.0005532311899999995
8.15249005625e-06,49,85,0.0013421224871999985,2.0926079687500003e-05,0,88,0.0004985121399999995,1.089380876171875e-05,0,111,0.0005223468599999996,1.9400356328125e-05,0,112,0.00048441285,2.6239556992187498e-06,45,110,0.0004295262092000001,2.19331751171875e-05,0,101,0.0005361104499999997
7.744013187890625e-06,42,98,0.001280018270799998,2.0985744687500002e-05,0,98,0.00049834428,1.0739072695312501e-05,0,112,0.0004921340259999997,1.924889859375e-05,0,100,0.0004182803199999997,2.7872153492187495e-06,38,129,0.00045688563479999987,2.190957139453125e-05,0,100,0.0005134507260000004
8.204943028515626e-06,35,84,0.0012075074431999993,2.09464051171875e-05,0,104,0.0005572593999999998,1.060794063671875e-05,0,121,0.0004912947999999998,1.92370965e-05,0,113,0.00041022350400000013,2.8613050210937495e-06,36,126,0.00044631113599999985,2.185384009375e-05,0,96,0.0005389639260000003
7.876456898828126e-06,53,90,0.0013726710964000002,2.093788203125e-05,0,104,0.0004822308600000001,1.0673506557421874e-05,2,118,0.0005604486199999999,1.94193706640625e-05,0,101,0.0004585641299999999,3.1071779515625e-06,46,109,0.0004778667936000001,2.20210334375e-05,0,104,0.0005105973199999996
8.437047099609376e-06,48,95,0.0014109407019999999,2.0890674140625e-05,0,95,0.0005293964900000003,1.0657770792578125e-05,0,115,0.0005857938081999999,1.9382653582031247e-05,0,98,0.0004610819059999996,2.88556451953125e-06,51,104,0.00042801558319999997,2.20131655859375e-05,0,103,0.0005419852600000001
7.121135125781251e-06,49,90,0.0012078431263999982,2.09529617578125e-05,0,94,0.0005310750639999996,1.0790214561328126e-05,2,118,0.0005839474903999999,1.920431370703125e-05,0,103,0.0004488289019999997,2.7662341523437498e-06,39,118,0.00041727321669999976,2.209315646875e-05,0,104,0.0004978408280000003
7.2535786871093754e-06,51,85,0.0013401083003999987,2.0747084257812502e-05,0,105,0.0005023728199999999,1.0604006614062502e-05,0,105,0.0006116426045999999,1.92534881484375e-05,0,98,0.00045151452799999987,2.663951020703125e-06,52,109,0.00044110780179999965,2.20157884765625e-05,0,81,0.0005298999600000002
7.719097953906249e-06,50,83,0.0013454794869999993,2.07975702734375e-05,0,109,0.0005293964999999997,1.0614497215625001e-05,2,110,0.0004964979703999995,1.9306596640625e-05,0,96,0.00045285721000000033,2.743286044921875e-06,34,115,0.0003971313149999999,2.1963335390625e-05,0,90,0.0005634698399999996
7.504697084765625e-06,41,91,0.0011443961225999994,2.0890018511718747e-05,0,113,0.000520500572,1.06400680546875e-05,0,100,0.0005864652219999995,1.928627109375e-05,0,98,0.00043976505,2.874418271484375e-06,42,111,0.0004424506059999999,2.1835481718749996e-05,0,96,0.00047383840000000016
8.237726038671874e-06,43,78,0.0013600824035999988,2.08546126953125e-05,0,99,0.0005287250799999999,1.087479437890625e-05,0,104,0.0005441672139999998,1.9368884531249998e-05,0,104,0.0004145875300000001,2.8894984628906252e-06,39,108,0.00041139849319999966,2.192006209765625e-05,0,101,0.0005386281359999998
7.717786669140625e-06,44,83,0.0013105668344999986,2.0927390859375e-05,0,100,0.0004891127699999998,1.0701044550781251e-05,0,113,0.0003759824389999997,1.92751251484375e-05,0,115,0.00042600139399999985,2.93080510703125e-06,42,113,0.00041391622099999983,2.049924408984375e-05,0,94,0.0005288928559999994
7.115889883593751e-06,50,94,0.001257526487199999,2.09686975390625e-05,0,99,0.0005762264400000001,1.07980821609375e-05,0,105,0.00047199204659999997,1.93334791015625e-05,0,103,0.0004124056899999998,2.7439417078124997e-06,49,125,0.0004364080291999999,2.195677889453125e-05,0,102,0.0005001906759999997
6.840512259375e-06,48,88,0.0011631952027999976,2.1120810898437503e-05,0,105,0.0005062333299999999,1.0060463546484375e-05,2,90,0.0004641031543999995,1.9342658359375e-05,0,112,0.00045889983999999987,2.83573425859375e-06,32,107,0.00040854506160000007,2.19535007421875e-05,0,104,0.0004899519000000003
6.4287570828124996e-06,51,93,0.0011363393763999998,2.09188678515625e-05,0,124,0.0004803846600000001,1.07948041140625e-05,0,114,0.0005236896405999993,1.93964221875e-05,0,87,0.00041559461999999983,2.794427602734375e-06,43,107,0.0004263370707999999,2.1932519453125e-05,0,107,0.0005163042800000001
7.81285773203125e-06,45,90,0.0013199664523999986,2.10132826171875e-05,0,96,0.0005057297699999996,1.090561068046875e-05,0,113,0.0005609521555999996,1.93872431875e-05,0,100,0.0004234836379999998,2.8796635339843746e-06,46,128,0.0004562142391,2.039958366015625e-05,0,96,0.0005743800259999997
8.039716476953125e-06,44,83,0.001274814976599999,2.09398485546875e-05,0,100,0.0004995194299999999,1.090692191796875e-05,0,121,0.0005379568199999997,1.9320365785156252e-05,0,113,0.0004949874460000001,2.586583016796875e-06,36,120,0.0003585259756,2.187547687109375e-05,0,106,0.000509254572
8.03840515703125e-06,38,90,0.0012503090095999981,2.1089339296875e-05,0,97,0.0005530633799999996,1.076661048515625e-05,0,101,0.0005753871935999997,1.92751248046875e-05,0,93,0.00046057840000000004,2.8626163249999997e-06,36,120,0.0004162661181999997,2.1807288359374996e-05,0,94,0.0004766917499999997
7.9138294359375e-06,45,85,0.0013129167533999988,2.1036230859375e-05,0,97,0.0005421530600000002,1.06512140515625e-05,2,115,0.0004988479089999996,1.932954469921875e-05,0,93,0.0004471504040000002,3.0068617679687498e-06,38,117,0.0004625925113999998,2.1620424765625e-05,0,111,0.0005398031099999998
6.978201218359375e-06,51,100,0.0013078812989999983,2.1024428828125e-05,0,105,0.00049129472,1.065055855625e-05,0,109,0.0005760586065999999,1.931446503515625e-05,0,115,0.0004729991260000004,2.8403238687499997e-06,29,110,0.0004112306358000001,2.1699759257812502e-05,0,98,0.0005438315099999996
6.993281298046875e-06,44,99,0.0011739375685999984,2.09660748828125e-05,0,94,0.00047837044,1.08420118203125e-05,0,119,0.0005178149859999999,1.9274469546875e-05,0,99,0.00039176018199999966,2.5734697953125e-06,40,116,0.0004204623513999999,2.1910227265625e-05,0,93,0.0004907910399999999
7.852853008203125e-06,58,87,0.0013610895201999985,2.0817239765625e-05,0,102,0.0004914626000000005,1.083479961328125e-05,0,110,0.00046897087799999956,1.924299776171875e-05,0,101,0.000434058106,2.7957389007812497e-06,32,109,0.0004332188963999996,2.184007146484375e-05,0,97,0.0005408102300000003
7.951202166796876e-06,48,92,0.001366964182199998,2.0888051015625e-05,0,105,0.0005144579099999997,1.0786936121093751e-05,0,113,0.0005142900049999997,1.9257422382812498e-05,0,103,0.00042398709000000004,2.762300212109375e-06,32,113,0.00040955215200000014,2.1773193749999998e-05,0,107,0.0005317463099999998
8.584570651171876e-06,50,83,0.001503761347999999,2.0889362769531248e-05,0,106,0.000540306702,1.07771013015625e-05,2,105,0.0005257038519999999,1.931380911328125e-05,0,99,0.00048172733999999993,2.7078803519531246e-06,44,118,0.00045151446799999973,2.0326805425781254e-05,0,96,0.000533089142
8.340008978125e-06,63,90,0.001492179709999998,2.1017872300781248e-05,0,108,0.0005794155619999997,1.0751530433593749e-05,0,115,0.0004451361759999995,1.93046296875e-05,0,111,0.0004001526699999998,2.730828455078125e-06,41,112,0.0004395971590999997,2.1822368171874998e-05,0,89,0.0005374532759999996
7.2424326105468765e-06,52,88,0.0012189212067999992,2.10683581640625e-05,0,116,0.0005371174699999999,1.080726151953125e-05,0,110,0.0004585641339999999,1.92895495546875e-05,0,92,0.0004285191079999999,2.882286180078125e-06,38,106,0.00040955215049999987,2.185121731640625e-05,0,89,0.0005005263840000001
8.848146544531251e-06,36,87,0.0014188296583999992,2.102311753515625e-05,0,92,0.0005723658820000001,1.074956330078125e-05,0,103,0.0005565880999999998,1.927840337109375e-05,0,85,0.0004713206619999997,2.899333380859375e-06,38,107,0.00039243152499999996,2.1912849464843752e-05,0,97,0.0005497062740000001
8.176094038671877e-06,42,90,0.0013399404899999989,2.10637684375e-05,0,104,0.0005418173600000002,1.0985601171875e-05,2,108,0.0005626306399999996,1.94541203515625e-05,0,103,0.00040804145000000004,2.9668664589843747e-06,28,118,0.0004206302081999997,2.182171288671875e-05,0,95,0.0004894483619999996
8.50326866796875e-06,40,85,0.0013877775431999993,2.0862480640625002e-05,0,105,0.0005559166819999998,1.073317179296875e-05,0,112,0.0004763562069999998,1.918857773828125e-05,0,102,0.0004441290879999997,2.8344229230468745e-06,41,101,0.00044882886579999964,2.184793921875e-05,0,99,0.0004793774900000003
8.591127373046876e-06,48,85,0.001368642728199999,2.09214901953125e-05,0,107,0.0005293965000000002,1.077316702890625e-05,0,104,0.0005005265001999997,1.940953554296875e-05,0,106,0.0004394292819999998,2.7983615554687503e-06,41,111,0.0004441290938000001,2.178368446875e-05,0,93,0.0005324177739999997
8.069221262890626e-06,43,85,0.0014508888219999974,2.0944438125e-05,0,105,0.0005616235300000003,1.0653181058593751e-05,0,95,0.0004436255279999999,1.9340691140625e-05,0,95,0.00040686659599999966,2.9085126445312496e-06,46,105,0.0004337224443999996,2.19856280859375e-05,0,103,0.0005166399499999997
9.6972277546875e-06,43,79,0.001719447593199999,2.0998202421875002e-05,0,105,0.0006329594299999999,1.0822997359375e-05,0,107,0.000415930427,1.94219931796875e-05,0,97,0.00042298007599999985,2.931460747265625e-06,44,119,0.00044161135859999964,2.1876132578124997e-05,0,98,0.0005886472699999998
8.625877446093751e-06,49,73,0.0015173571241999986,1.6899009609374998e-05,0,78,0.0005351034099999997,1.067219546953125e-05,0,95,0.0005688410675999995,1.92488987890625e-05,0,102,0.0004686350599999995,2.7498426546875e-06,50,117,0.0004013275370999996,2.19541559375e-05,0,94,0.0005673305099999995
7.547970841015625e-06,46,89,0.001286564469199999,1.8274586328125003e-05,0,87,0.0004746777399999998,1.087676159453125e-05,0,107,0.0005418173355999996,1.943379533203125e-05,0,102,0.00043338684999999987,2.726238859765625e-06,44,122,0.0004213015978000001,2.2017099714843752e-05,0,109,0.0005122759380000001
8.451471555078125e-06,48,95,0.0015240710923999983,2.110441944921875e-05,0,90,0.0005995574419999999,1.042960079765625e-05,0,107,0.0004733349265999999,1.923775265625e-05,0,113,0.0004803846100000001,2.777380401171875e-06,44,113,0.00045151445659999997,2.1969236328125e-05,0,108,0.0005582665399999998
7.684348226171875e-06,46,100,0.0013461509809999997,2.113523546875e-05,0,94,0.0005189897699999999,1.0968554527343749e-05,0,95,0.0005315785560000003,1.9384620800781247e-05,0,117,0.0004703135260000001,2.7255831500000003e-06,54,113,0.0004108949425999999,2.2015132812500003e-05,0,94,0.00049985494
7.654187475e-06,43,99,0.0012122071684999994,2.09857445703125e-05,0,105,0.0005236896800000002,1.075087454296875e-05,1,112,0.0004797131079999996,1.930004035546875e-05,0,106,0.0004419471380000001,3.0357108882812498e-06,38,125,0.00046359960959999974,2.19266186328125e-05,0,106,0.0004748454400000001
8.23969281796875e-06,50,93,0.0013958342676999998,2.0874938359375e-05,0,103,0.0005488669800000002,1.0748251999609376e-05,2,113,0.0006044250515999997,1.938068625e-05,0,89,0.00044547200999999994,2.723616203125e-06,34,115,0.0003961242024,2.1981038671875e-05,0,95,0.0004944838199999995
8.168881569921875e-06,56,86,0.001468680852999998,2.09772211328125e-05,0,103,0.0005669947500000001,1.07843132234375e-05,2,103,0.0004788738849999998,1.93124978515625e-05,0,110,0.00042734415,2.705913360546875e-06,48,117,0.0004313725493999997,2.1979071523437503e-05,0,93,0.0005517203499999998
7.081795559375e-06,40,97,0.001180651563599999,2.094509375e-05,0,112,0.0005455100399999998,1.0972488171875e-05,0,112,0.0004879377830000001,1.93000403125e-05,0,113,0.0004333867699999998,2.66460667734375e-06,43,107,0.00041106279889999956,2.201709970703125e-05,0,82,0.00047333476000000006
7.0122953652343755e-06,38,101,0.0012098573449999988,2.0981155261718753e-05,0,109,0.0005151292560000001,1.0817096359375e-05,0,101,0.00043305105299999984,1.937478534375e-05,0,93,0.0003971313579999998,2.615432130078125e-06,52,115,0.00038907455679999993,2.193317514453125e-05,0,90,0.0004629281160000002
7.801055623046876e-06,46,92,0.0013055313498000001,2.0934603125e-05,0,107,0.00052452882,1.0982978746093752e-05,0,117,0.000464271062,1.944231890625e-05,0,117,0.0003957886500000001,2.6469038441406252e-06,41,117,0.0004061951641999997,2.1988250625e-05,0,100,0.00050237268
8.248872127734374e-06,48,89,0.001406240928399999,2.1052622539062504e-05,0,105,0.0005740444399999999,1.0789558790625e-05,2,114,0.0005706874083999999,1.935314890625e-05,0,92,0.0004860914699999996,2.790493628125e-06,46,113,0.0004263370809999996,2.1880066562500002e-05,0,98,0.0005257038200000001
7.98988618515625e-06,43,88,0.0012939498259999995,2.11267123046875e-05,0,103,0.00053644615,1.0771200192968748e-05,2,102,0.0005455099713999994,1.9364295e-05,0,101,0.00042331572999999953,2.5996962351562503e-06,45,118,0.0003964599117999999,2.1998741238281253e-05,0,94,0.00047098486599999993
7.650909213671875e-06,49,89,0.001315098763999999,2.0943782390625e-05,0,105,0.0005639735139999993,1.055089824296875e-05,0,112,0.0004669566085999998,1.91597288515625e-05,0,106,0.0004523535419999999,2.665918007421875e-06,46,108,0.00044748607529999994,2.1912193734374998e-05,0,91,0.0005414815479999998
8.21805609921875e-06,54,84,0.001357228919599999,2.0912310812499997e-05,0,93,0.0005488670319999998,1.075284158203125e-05,0,101,0.00046729231099999996,1.9427893976562498e-05,0,111,0.000435568764,2.5669131824218746e-06,43,116,0.0004214694564,2.194169828125e-05,0,93,0.0005498741600000001
